"","SHA","user","date","repo"
"1","ef15ad1fa5e3f541cf7ac2fb28c3bc01e83f715b","Danielle Ferraro",2019-12-03 22:25:09,"aquaculture"
"2","4dd1380b97dd44f3299774d479e9f944440ceded","Danielle Ferraro",2019-11-20 23:42:46,"aquaculture"
"3","ea35e8f9845d7834bcc68c3010a09250421c779e","Danielle Ferraro",2019-11-20 23:21:50,"aquaculture"
"4","dc9729667fd9538a9ff4d29f936eb337491f9ece","Danielle Ferraro",2019-11-20 02:29:33,"aquaculture"
"5","d1dfa8fc31df3872129dc1f665f8a8e6712e9c09","Danielle Ferraro",2019-11-20 02:28:52,"aquaculture"
"6","5a37ee895021733e611bd12a0a7efad405f129fe","Danielle Ferraro",2019-11-20 02:28:25,"aquaculture"
"7","2e8847f7a9effcad60de1a65c5ccd0923664fb37","Danielle Ferraro",2019-10-28 20:35:54,"aquaculture"
"8","637ac66eb73fa2831a9184bb2ae81b0cd5211e0a","Danielle Ferraro",2019-10-28 18:22:04,"aquaculture"
"9","50414d3dc598c9f27d3b7d726596e99b34fd1871","Danielle Ferraro",2019-10-25 21:33:34,"aquaculture"
"10","d43a62f5f0d2a568113e73a5a796d39a6ea80661","Danielle Ferraro",2019-10-22 21:47:26,"aquaculture"
"11","5fd0dfaae00dff40769747c5697c55d7eae13e61","Danielle Ferraro",2019-10-22 21:16:57,"aquaculture"
"12","bda4b3de216ee4a624e95f57a42400a4be6e383e","Danielle Ferraro",2019-10-22 21:14:20,"aquaculture"
"13","372ede14c3fd2817ea8841a814a7169bdd07cbce","Danielle Ferraro",2019-10-22 20:47:34,"aquaculture"
"14","bb9ab7e0160c571ce1af1ff248295d333be6a5bd","Danielle Ferraro",2019-10-22 20:46:45,"aquaculture"
"15","1c703db1ca35d92941579cd6b135276b72764912","Danielle Ferraro",2019-10-22 20:24:38,"aquaculture"
"16","39da7c72412d4160564952974d847151b2e8d388","Danielle Ferraro",2019-10-22 19:25:06,"aquaculture"
"17","fc85b536d9948a32df8fed664436b8c0498885f0","Danielle Ferraro",2019-10-18 22:48:17,"aquaculture"
"18","f31cbae1ba034826e4f2b65138c3834299898ced","Danielle Ferraro",2019-10-18 18:03:22,"aquaculture"
"19","4af2f8f0595ca896fe622c072774be4b77961465","Danielle Ferraro",2019-10-18 17:56:12,"aquaculture"
"20","66a4384f8609dd28ecc1e884057dcd8e59ef0330","Danielle Ferraro",2019-10-17 22:50:58,"aquaculture"
"21","9b256de88b117811c497c7b6a723c9ed4dcd9cfd","Danielle Ferraro",2019-10-17 22:50:51,"aquaculture"
"22","993ce6dd62ce65777810a7cc4946cb4b4e59a17e","Danielle Ferraro",2019-10-17 22:22:39,"aquaculture"
"23","1f723c344aa599fbda40f1950f33c1ae04e7e2e3","Danielle Ferraro",2019-10-17 22:07:07,"aquaculture"
"24","c3c05aa084830c4361ba07a1719d984d3e27bafd","Danielle Ferraro",2019-10-17 20:03:25,"aquaculture"
"25","10304edfca7cbb7d416f9f6b1d8fcf2a4f2b4f68","Danielle Ferraro",2019-10-17 19:29:45,"aquaculture"
"26","0006802932d5797fb5f20ea47f4c98e83d2cb402","Danielle Ferraro",2019-10-17 17:51:57,"aquaculture"
"27","bd771c7b4c3090037a69f63b78460b9704a952f5","Danielle Ferraro",2019-10-17 17:06:51,"aquaculture"
"28","7dccb80d9f2d7395aad85b131aacd5f975ac0a7e","Danielle Ferraro",2019-10-16 20:11:02,"aquaculture"
"29","ae3e2a2ba2a3ad6b620f19d93dbc8184108e69a0","Danielle Ferraro",2019-10-16 17:31:49,"aquaculture"
"30","470489ca8483f6da33a20e274472bac30f6bb189","Danielle Ferraro",2019-10-16 17:23:14,"aquaculture"
"31","2ce426d0fe905bcdfcd8709ab6aa5bda86d7a89f","Danielle Ferraro",2019-10-16 17:22:52,"aquaculture"
"32","5508375a7961b2c7ec6f6c9ed88ffcb80bac4ca0","Danielle Ferraro",2019-10-16 17:00:34,"aquaculture"
"33","6f38d935003a796e6f58dcfe78a29c754fbc710a","Danielle Ferraro",2019-10-16 16:58:10,"aquaculture"
"34","440896144880212ef32b34bc60e7ef65b0e21979","Danielle Ferraro",2019-10-16 16:53:31,"aquaculture"
"35","0f5e1a325d8138fe5cca5dc73f8c05bf06e5e0a3","Danielle Ferraro",2019-10-15 20:23:32,"aquaculture"
"36","65c8c88f41ce85158a206959929b681ed088be42","Danielle Ferraro",2019-10-15 20:00:17,"aquaculture"
"37","c14c64b8fe34d6b9f299b911256be6c9f7a34dd8","Danielle Ferraro",2019-10-11 22:45:36,"aquaculture"
"38","8d8623c14d45d9511b8d84fe829aee84d6f0c87c","Danielle Ferraro",2019-10-10 22:48:09,"aquaculture"
"39","a436e86387c1c6fc5c7683a282f8956ee064aea6","Danielle Ferraro",2019-10-09 21:32:13,"aquaculture"
"40","8abfd85cadba0fc7b1908cf1c91b86bd5a99a32f","Danielle Ferraro",2019-10-09 21:32:04,"aquaculture"
"41","37e58d314c1562e8fdf140dde0e73caa029572a7","Danielle Ferraro",2019-10-09 20:38:19,"aquaculture"
"42","4f9c9b1fca72df0e98bca6f11ecb2619c7291b65","Danielle Ferraro",2019-10-09 06:43:49,"aquaculture"
"43","91231f14345bbb26fa595ed512a410ca6d0fb9c5","Danielle Ferraro",2019-10-07 21:53:19,"aquaculture"
"44","78b575d43ee1211107355d35a18c32c9abc9a065","Danielle Ferraro",2019-10-07 20:34:24,"aquaculture"
"45","56e8d3a5d0dd71518751bf56ae53cf652d72a2c1","Danielle Ferraro",2019-10-07 20:28:54,"aquaculture"
"46","2cad80d6649b1c06c47c2ac46fea5adb847245c4","Danielle Ferraro",2019-10-02 23:24:45,"aquaculture"
"47","3e9f7225ea71403275b5d459c2e24b2cb6c2155f","Danielle Ferraro",2019-10-02 23:24:03,"aquaculture"
"48","50c12c7039b831d1b5eecc2146564f066f6d9740","Danielle Ferraro",2019-10-01 23:56:11,"aquaculture"
"49","c9298244d5de4a82488333d62330a4dac6ef602a","Danielle Ferraro",2019-09-27 23:19:39,"aquaculture"
"50","d1175ac6f146754c86dfe140c69533878ca04818","Danielle Ferraro",2019-09-27 23:19:03,"aquaculture"
"51","162c1e7ea1adfa1d2cdfb544894f34163c1c2a72","Danielle Ferraro",2019-09-27 17:50:19,"aquaculture"
"52","411135fc0c4c0cc85e6a138af627903d17dded97","Danielle Ferraro",2019-09-27 06:15:04,"aquaculture"
"53","4c6253a558d47a532240d7e30e0e7eea92303dcc","Danielle Ferraro",2019-09-26 20:07:48,"aquaculture"
"54","007b64c000b92891ccb7e6e5ceeba68cd33170fb","Danielle Ferraro",2019-09-26 20:02:42,"aquaculture"
"55","2e452237c9e5c132d652a823c0e0915034200b29","Danielle Ferraro",2019-09-26 17:14:56,"aquaculture"
"56","d7cbd229fda777e45ca219a198ae870828e4b561","Danielle Ferraro",2019-09-26 16:54:55,"aquaculture"
"57","4b0e7475204e602a08752234277951b389f6475a","Danielle Ferraro",2019-09-26 02:12:47,"aquaculture"
"58","e2b4980450f91e5feb0b6994c0e8978e726e181d","Danielle Ferraro",2019-09-26 02:12:36,"aquaculture"
"59","114c1f192710fd34c851205cd0f98408962f12f9","Danielle Ferraro",2019-09-25 22:34:19,"aquaculture"
"60","1d5df1eba27e7fe33b93111b8d525850871f3691","Danielle Ferraro",2019-09-25 22:01:25,"aquaculture"
"61","c57e99f71e8dc8c673da5032b4a56e806f0d12a9","Danielle Ferraro",2019-09-25 18:11:40,"aquaculture"
"62","6593e658caaad90e305c654a5eedb4331671dc14","Danielle Ferraro",2019-09-25 18:05:48,"aquaculture"
"63","e13d4abb5c8ed0fff6822738132da107cceaa3b2","Danielle Ferraro",2019-09-25 16:59:48,"aquaculture"
"64","93c1a6857feb43eaf98c3e0678ce582b1cf72ad0","Danielle Ferraro",2019-09-25 16:39:46,"aquaculture"
"65","4d24a8a3d4e70fd9e3a5764b214c86033348885d","Danielle Ferraro",2019-09-25 14:50:11,"aquaculture"
"66","388d23370f3f832ceff56527991fdb22c5b05e54","Danielle Ferraro",2019-09-24 01:25:09,"aquaculture"
"67","ff2368f86653f2d8a3e0f031ceed078daf2161a0","Danielle Ferraro",2019-09-20 17:23:23,"aquaculture"
"68","f7cb7e7dcfc24a720d1963c00e38fa2aa3e153a0","Danielle Ferraro",2019-09-19 18:58:46,"aquaculture"
"69","faf10fff8ff8c6233bc5308184da161892bb547c","Danielle Ferraro",2019-09-18 21:27:07,"aquaculture"
"70","9c37f420d4b344e6aa2116ef9af4430da252ca9f","Danielle Ferraro",2019-09-17 00:08:45,"aquaculture"
"71","568ba1a18d42ad9e9857921344bf8e0fc5fd653c","Danielle Ferraro",2019-09-12 15:49:40,"aquaculture"
"72","450c4c07e674597beb1fd705d8d77d9c20e7eace","Danielle Ferraro",2019-09-10 21:39:22,"aquaculture"
"73","cd0d798fb6c7113e4a5bc79dfc8503214ef65abc","Danielle Ferraro",2019-09-10 18:52:30,"aquaculture"
"74","248eb52bc078727e12570991e2cb24979271ef5c","Danielle Ferraro",2019-09-10 15:56:20,"aquaculture"
"75","30abd95ce27edcc8e670588e094dc779734c5a93","Danielle Ferraro",2019-09-06 16:27:25,"aquaculture"
"76","7a2bf0342a805301b552d866ced824ea3e256bdb","Danielle Ferraro",2019-08-30 18:47:12,"aquaculture"
"77","d1dbfef15fe7523c80387b5cd53d30e0b5b37277","Danielle Ferraro",2019-08-30 16:47:17,"aquaculture"
"78","0a99583ca9e82c7878570fe559703340f7fe5831","Danielle Ferraro",2019-08-30 16:46:17,"aquaculture"
"79","0e827b3678b3a3dafbdec3a286ee01099368b46c","Danielle Ferraro",2019-08-29 23:30:20,"aquaculture"
"80","e1cc994936821654ed6a209b3540ded7816eaf2f","Danielle Ferraro",2019-08-28 22:11:34,"aquaculture"
"81","da4c5c518430bafd580421b99520f5e673d96846","Danielle Ferraro",2019-08-28 21:52:16,"aquaculture"
"82","8facb3655bcfbc9c018bf24e127eb77c6d871cdf","Danielle Ferraro",2019-08-28 21:32:07,"aquaculture"
"83","5bda4c4f99c92703201d274a69c6a4029790a1af","Danielle Ferraro",2019-08-28 21:20:28,"aquaculture"
"84","e7583abf7388d82d7cfb64468f67fa4431c659e3","Danielle Ferraro",2019-08-28 21:04:41,"aquaculture"
"85","204140f3fff0a8d947299e840799b5511b34b105","Danielle Ferraro",2019-08-28 18:43:46,"aquaculture"
"86","c29d81632790d202be2006c314c34b2f4e1c215c","Danielle Ferraro",2019-08-28 17:35:46,"aquaculture"
"87","8e4875ca350d68d485a7da8bdf1d27b7fb2e6218","Danielle Ferraro",2019-08-28 17:17:31,"aquaculture"
"88","7da255653a3532a18db3a8369115faf72447282a","Danielle Ferraro",2019-08-28 16:48:34,"aquaculture"
"89","886de273d32bd08cb2bf2928de4373f31ed673e4","Danielle Ferraro",2019-08-23 22:26:32,"aquaculture"
"90","80993014f2da4baa2c2e107a745ff22e138473fb","Danielle Ferraro",2019-08-23 17:27:13,"aquaculture"
"91","9917cbce89c629a0f2b3933c302640c1399909da","Danielle Ferraro",2019-08-23 17:26:46,"aquaculture"
"92","e88dc3ffb380aa5ef0bc53fe6d23b7eb75b4f60e","Danielle Ferraro",2019-08-20 16:27:12,"aquaculture"
"93","f911fde9161955ab3822c75e5550bec7be4b8119","Danielle Ferraro",2019-12-11 22:11:57,"bottlenecks"
"94","74f462172644e21a1776d8d00148c72ca3979909","Danielle Ferraro",2019-12-11 18:47:36,"bottlenecks"
"95","5c57dc7cd31790030a099ebc004638f85d337775","Danielle Ferraro",2019-12-11 00:25:11,"bottlenecks"
"96","0977cd103ab9d28cec09d4263090de749d48d93a","Danielle Ferraro",2019-12-11 00:24:19,"bottlenecks"
"97","bde431433cc0b55cb506de9cb227dececae08789","Danielle Ferraro",2019-12-05 20:37:40,"bottlenecks"
"98","2047ca3fc7dbb6cfa5981d07b2b62827263bfea2","Danielle Ferraro",2019-11-27 00:16:43,"bottlenecks"
"99","a5125b71da40aec53e65f8c24722409f1652df9f","Danielle Ferraro",2019-11-26 23:55:48,"bottlenecks"
"100","c187a8a50685d5aac108922aa4bfd41ac9b2f3dd","Danielle Ferraro",2019-11-26 18:04:29,"bottlenecks"
"101","725b94bdf1c5c2d14ab8ffe4cd5557aee609a376","Danielle Ferraro",2019-11-26 06:20:41,"bottlenecks"
"102","cd5f576fb7961af75570d73de77f723c2a429ef0","Danielle Ferraro",2019-11-22 01:16:44,"bottlenecks"
"103","8555f932c8c6f1d71b49097bd4ce938e3b7832e3","Danielle Ferraro",2019-11-21 17:46:17,"bottlenecks"
"104","4e85e92ae04abb947322412d51b6df761a4eb243","Danielle Ferraro",2019-11-20 23:12:39,"bottlenecks"
"105","23539c1115b4ad6a2e8fb2d9539fd400c868431c","Danielle Ferraro",2019-11-20 23:10:07,"bottlenecks"
"106","03a89e2307a9c78e1901aa1752fa711f330e3d19","Danielle Ferraro",2019-10-17 18:00:05,"bottlenecks"
"107","8a2dea9086ffe0796ffe46be5ddbd6d91bd9a858","Danielle Ferraro",2019-12-16 22:18:12,"shocks"
"108","85e0f582f68bca8302b3dc0a5d65b1c777b1befa","Danielle Ferraro",2019-12-16 20:47:15,"shocks"
"109","f878c4f1fb4f1fbab4699a462e1d0b5ae7756e6d","Danielle Ferraro",2019-12-13 01:04:08,"shocks"
"110","0ccee5542e8c96dc5fdadf02d9788ffa5ecb3c0b","Danielle Ferraro",2019-11-19 19:11:11,"shocks"
"111","2af412ea90ebd1b1c3f83b7ccdc8a32000a75033","Danielle Ferraro",2019-11-17 06:31:21,"shocks"
"112","502f1e0a2ef4e0198b8dccc15e788d8ce0643e04","Danielle Ferraro",2019-11-17 06:26:10,"shocks"
"113","8082b87369a57e3ffa240087cda32b12f4de59bc","Danielle Ferraro",2019-11-08 00:00:33,"shocks"
"114","43191586c49aa0dd61cc938035a879ac14eee296","Danielle Ferraro",2019-11-07 00:34:35,"shocks"
"115","1639c5217a9ebea2d13f8085d13aea2417bfb3ed","Danielle Ferraro",2019-11-06 02:09:09,"shocks"
